week,revenue,paid_search,paid_social,email,organic,total_sessions,paid_search_share,paid_social_share,email_share,organic_share,week_index,month
2019-01-07,25.5,1000,599,1354,175,3128,0.319693094629156,0.19149616368286446,0.43286445012787722,0.0559462915601023,1,1
2019-01-14,240.77999687194824,1031,674,1386,179,3270,0.31529051987767587,0.20611620795107033,0.42385321100917434,0.054740061162079509,2,1
2019-01-21,90.0,834,580,1376,185,2975,0.28033613445378153,0.19495798319327731,0.46252100840336136,0.062184873949579833,3,1
2019-01-28,122.9900016784668,984,733,1419,144,3280,0.3,0.22347560975609757,0.43262195121951219,0.043902439024390241,4,1
2019-02-04,188.09999847412109,913,656,1373,145,3087,0.29575639779721413,0.21250404923874311,0.44476838354389375,0.046971169420149013,5,2
2019-02-11,329.53000450134277,912,573,1307,147,2939,0.31030962912555293,0.1949642735624362,0.44470908472269477,0.050017012589316096,6,2
2019-02-18,816.94000053405762,1060,590,1412,178,3240,0.3271604938271605,0.18209876543209877,0.43580246913580245,0.05493827160493827,7,2
2019-02-25,330.38000297546387,1016,631,1433,122,3202,0.31730168644597129,0.19706433479075577,0.4475327920049969,0.038101186758276076,8,2
2019-03-04,1676.0900030136108,936,594,1353,140,3023,0.30962619913992723,0.1964935494541846,0.44756864042342043,0.046311610982467749,9,3
2019-03-11,765.94999504089355,979,650,1328,139,3096,0.31621447028423771,0.2099483204134367,0.4289405684754522,0.044896640826873384,10,3
2019-03-18,603.960000038147,907,627,1409,159,3102,0.2923920051579626,0.20212765957446807,0.45422308188265637,0.051257253384912958,11,3
2019-03-25,523.80999183654785,948,580,1320,141,2989,0.31716293074606894,0.19404483104717296,0.4416192706590833,0.047172967547674804,12,3
2019-04-01,660.94000244140625,938,668,1383,147,3136,0.29910714285714285,0.21301020408163265,0.44100765306122447,0.046875,13,4
2019-04-08,943.77000045776367,903,592,1653,150,3298,0.27380230442692544,0.1795027289266222,0.50121285627653123,0.045482110369921162,14,4
2019-04-15,1376.8700046539307,912,564,1483,163,3122,0.29212043561819345,0.18065342729019859,0.47501601537475979,0.052210121716848176,15,4
2019-04-22,1349.270010471344,1023,668,1454,148,3293,0.31065897358032191,0.20285453993319161,0.44154266626176736,0.0449438202247191,16,4
2019-04-29,649.19999980926514,895,649,1447,201,3192,0.28038847117794485,0.20332080200501254,0.45332080200501251,0.062969924812030079,17,4
2019-05-06,1652.5500049591064,951,670,1394,147,3162,0.30075901328273247,0.21189120809614168,0.44086021505376344,0.046489563567362426,18,5
2019-05-13,1239.9600067138672,930,721,1403,163,3217,0.28908921355299971,0.22412185265775567,0.43612060926328877,0.050668324525955863,19,5
2019-05-20,1326.9899978637695,955,612,1297,152,3016,0.31664456233421751,0.20291777188328913,0.43003978779840851,0.050397877984084884,20,5
2019-05-27,1000.2500019073486,938,635,1401,156,3130,0.29968051118210864,0.20287539936102236,0.4476038338658147,0.04984025559105431,21,5
2019-06-03,1416.5300064086914,954,596,1477,146,3173,0.30066183422628429,0.18783485660258431,0.46549007248660573,0.046013236684525685,22,6
2019-06-10,1522.1300001144409,913,650,1438,156,3157,0.289198606271777,0.20589166930630345,0.45549572378840669,0.049414000633512832,23,6
2019-06-17,1048.609992980957,989,659,1513,156,3317,0.2981609888453422,0.19867350015073862,0.45613506180283386,0.047030449201085317,24,6
2019-06-24,1363.5200006961823,955,685,1534,160,3334,0.28644271145770844,0.20545890821835633,0.46010797840431916,0.04799040191961608,25,6
2019-07-01,2947.3800010681152,971,664,1366,147,3148,0.30844980940279543,0.21092757306226176,0.43392630241423125,0.046696315120711561,26,7
2019-07-08,1250.5400032997131,1002,638,1448,186,3274,0.30604764813683566,0.19486866218692731,0.44227244960293222,0.056811240073304826,27,7
2019-07-15,1698.9300088882446,976,579,1471,153,3179,0.30701478452343506,0.18213274614658698,0.46272412708398869,0.0481283422459893,28,7
2019-07-22,1958.8099966049194,1037,635,1510,150,3332,0.31122448979591838,0.19057623049219688,0.45318127250900359,0.045018007202881155,29,7
2019-07-29,2353.96000289917,1028,714,1566,144,3452,0.29779837775202783,0.20683661645422943,0.45365005793742758,0.041714947856315181,30,7
2019-08-05,3169.9700002670288,992,581,1487,160,3220,0.30807453416149067,0.18043478260869567,0.46180124223602487,0.049689440993788817,31,8
2019-08-12,1514.8399963378906,942,636,1321,177,3076,0.30624187256176855,0.20676202860858259,0.42945383615084526,0.057542262678803642,32,8
2019-08-19,2018.4100141525269,929,622,1499,147,3197,0.29058492336565528,0.1945573975602127,0.46887707225523928,0.045980606818892711,33,8
2019-08-26,2817.1599988937378,965,633,1454,195,3247,0.29719741299661223,0.19494918386202648,0.44779796735448107,0.0600554357868802,34,8
2019-09-02,2470.3800044059753,968,714,1500,171,3353,0.28869668953176258,0.21294363256784968,0.44736057262153295,0.050999105278854755,35,9
2019-09-09,2243.4900054931641,1037,642,1505,159,3343,0.31020041878552196,0.19204307508226146,0.45019443613520788,0.047562069997008675,36,9
2019-09-16,2127.2100033760071,977,634,1661,159,3431,0.28475663071990676,0.18478577674147478,0.48411541824540949,0.046342174293208978,37,9
2019-09-23,1868.7400007247925,990,680,1575,155,3400,0.29117647058823531,0.2,0.46323529411764708,0.045588235294117645,38,9
2019-09-30,3693.8700065612793,1027,691,1474,167,3359,0.305745757665972,0.20571598690086335,0.43882107770169693,0.0497171777314677,39,9
2019-10-07,3563.5999956130981,1009,688,1438,206,3341,0.30200538760850043,0.20592636935049385,0.43041005686920086,0.061658186171804852,40,10
2019-10-14,4566.8799757957458,967,630,1641,210,3448,0.28045243619489557,0.18271461716937354,0.47592807424593969,0.060904872389791184,41,10
2019-10-21,2845.9900088310242,951,648,1531,147,3277,0.29020445529447664,0.19774183704607873,0.46719560573695451,0.044858101922490082,42,10
2019-10-28,2383.9899940490723,979,673,1419,137,3208,0.30517456359102246,0.20978802992518703,0.44233167082294267,0.042705735660847878,43,10
2019-11-04,4444.1699876785278,1137,647,1554,136,3474,0.32728842832469773,0.1862406447898676,0.44732297063903281,0.039147956246401841,44,11
2019-11-11,3143.74001789093,1077,691,1575,195,3538,0.30440927077444885,0.1953080836630865,0.44516676088185414,0.055115884680610516,45,11
2019-11-18,3839.9899940490723,996,724,1610,170,3500,0.28457142857142859,0.20685714285714285,0.46,0.048571428571428571,46,11
2019-11-25,4528.2800035476685,1021,656,1685,174,3536,0.28874434389140269,0.18552036199095023,0.47652714932126694,0.049208144796380089,47,11
2019-12-02,4701.0000157356262,1170,693,1726,208,3797,0.30813800368712141,0.18251250987621806,0.45456939689228337,0.054780089544377138,48,12
2019-12-09,3715.3099992275238,999,772,1645,150,3566,0.28014582164890633,0.21648906337633203,0.46130117779024116,0.042063937184520471,49,12
2019-12-16,6143.6999864578247,944,732,1683,178,3537,0.2668928470455188,0.20695504664970313,0.4758269720101781,0.050325134294599942,50,12
2019-12-23,4036.0199987888336,1093,832,1709,137,3771,0.28984354282683639,0.22063113232564308,0.4531954388756298,0.036329885971890748,51,12
2019-12-30,6189.4100050926208,1067,683,1641,156,3547,0.30081759233154781,0.19255709049901326,0.46264448829997179,0.043980828869467158,52,12
2020-01-06,4063.810001373291,1020,761,1627,147,3555,0.28691983122362869,0.2140646976090014,0.45766526019690579,0.041350210970464138,53,1
2020-01-13,4557.9300003051758,1113,627,1550,181,3471,0.320656871218669,0.18063958513396716,0.44655718813022183,0.052146355517142036,54,1
2020-01-20,4171.1299991607666,1162,598,1636,200,3596,0.32313681868743049,0.16629588431590656,0.45494994438264741,0.055617352614015569,55,1
2020-01-27,3601.4200038909912,1014,660,1519,167,3360,0.30178571428571427,0.19642857142857142,0.45208333333333334,0.049702380952380949,56,1
2020-02-03,4330.7000045776367,1058,799,1624,219,3700,0.28594594594594597,0.21594594594594593,0.43891891891891893,0.059189189189189188,57,2
2020-02-10,5311.9600114822388,1154,611,1611,188,3564,0.32379349046015715,0.17143658810325477,0.45202020202020204,0.052749719416386086,58,2
2020-02-17,4780.74000287056,1125,695,1774,153,3747,0.300240192153723,0.18548171870829996,0.4734454230050707,0.040832666132906328,59,2
2020-02-24,5095.6300201416016,1072,689,1665,155,3581,0.29935772130689753,0.19240435632504888,0.46495392348506004,0.043283998882993578,60,2
2020-03-02,4799.44002532959,1103,637,1731,239,3710,0.29730458221024259,0.17169811320754716,0.46657681940700807,0.064420485175202158,61,3
2020-03-09,8395.4600286483765,1031,830,1656,240,3757,0.27442108064945436,0.22092094756454619,0.44077721586372104,0.063880755922278418,62,3
2020-03-16,3629.8400182724,913,645,1570,133,3261,0.27997546764796077,0.19779208831646733,0.48144740877031583,0.040785035265256057,63,3
2020-03-23,3982.3700084686279,1053,644,1601,200,3498,0.30102915951972553,0.18410520297312749,0.45769010863350484,0.057175528873642079,64,3
2020-03-30,6218.3400030136108,1120,733,1674,169,3696,0.30303030303030304,0.19832251082251082,0.45292207792207795,0.045725108225108224,65,3
2020-04-06,4949.1700096130371,1118,744,1497,171,3530,0.31671388101983,0.21076487252124645,0.42407932011331445,0.048441926345609065,66,4
2020-04-13,6378.4300107955933,1165,835,1795,149,3944,0.29538539553752535,0.21171399594320486,0.45512170385395539,0.0377789046653144,67,4
2020-04-20,6078.7999982833862,1090,726,1611,145,3572,0.30515117581187012,0.20324748040313551,0.45100783874580069,0.040593505039193727,68,4
2020-04-27,4054.8900027275085,1071,660,1701,197,3629,0.29512262331220723,0.18186828327362911,0.468724166437035,0.054284926977128688,69,4
2020-05-04,7908.3100028038025,1069,718,1566,171,3524,0.3033484676503973,0.20374574347332577,0.44438138479001132,0.048524404086265606,70,5
2020-05-11,4213.4600031375885,1200,685,1581,182,3648,0.32894736842105265,0.18777412280701755,0.43338815789473684,0.049890350877192985,71,5
2020-05-18,5784.5800259113312,1242,728,1777,137,3884,0.319773429454171,0.1874356333676622,0.4575180226570546,0.035272914521112253,72,5
2020-05-25,5022.0499949455261,990,737,1449,208,3384,0.29255319148936171,0.21778959810874704,0.42819148936170215,0.061465721040189124,73,5
2020-06-01,5369.3900294303894,1131,660,1638,207,3636,0.31105610561056107,0.18151815181518152,0.45049504950495051,0.056930693069306933,74,6
2020-06-08,5766.8300166130066,1079,678,1594,163,3514,0.307057484348321,0.192942515651679,0.45361411496869664,0.046385885031303357,75,6
2020-06-15,6384.939995765686,1208,749,1732,209,3898,0.30990251410979991,0.19214982042072859,0.44433042585941507,0.05361723961005644,76,6
2020-06-22,5982.2600066661835,1084,775,1780,191,3830,0.28302872062663187,0.20234986945169714,0.46475195822454307,0.049869451697127934,77,6
2020-06-29,6650.3800058364868,1171,794,1749,185,3899,0.30033341882533982,0.20364195947678893,0.4485765580918184,0.047448063606052832,78,6
2020-07-06,7210.6299948692322,1185,863,1682,200,3930,0.30152671755725191,0.21959287531806615,0.42798982188295165,0.050890585241730277,79,7
2020-07-13,8165.5800123214722,1248,780,1767,187,3982,0.31341034655951783,0.19588146659969866,0.44374686087393272,0.046961325966850827,80,7
2020-07-20,8863.3299832344055,1312,774,1976,198,4260,0.307981220657277,0.18169014084507043,0.463849765258216,0.04647887323943662,81,7
2020-07-27,5758.8000054359436,1180,733,1630,273,3816,0.30922431865828093,0.19208595387840671,0.42714884696016769,0.071540880503144652,82,7
2020-08-03,5980.5500025749207,1116,787,1686,196,3785,0.29484808454425365,0.20792602377807134,0.445442536327609,0.051783355350066049,83,8
2020-08-10,5887.2200119495392,1221,697,1848,211,3977,0.30701533819461907,0.17525773195876287,0.46467186321347748,0.053055066633140559,84,8
2020-08-17,5677.9499845504761,1202,793,1603,199,3797,0.31656570977087173,0.20884909138793784,0.42217540163286804,0.05240979720832236,85,8
2020-08-24,4989.4100172519684,1234,649,1726,183,3792,0.32542194092827004,0.17114978902953587,0.45516877637130804,0.048259493670886076,86,8
2020-08-31,8873.9499998092651,1239,726,1635,231,3831,0.32341425215348474,0.18950665622552859,0.42678151918559121,0.060297572435395456,87,8
2020-09-07,8305.18000626564,1461,803,1839,201,4304,0.33945167286245354,0.18657063197026022,0.42727695167286245,0.04670074349442379,88,9
2020-09-14,8313.25002861023,1153,764,1724,196,3837,0.30049517852488922,0.19911389106072452,0.44930935626791763,0.051081574146468592,89,9
2020-09-21,7453.7500069141388,1071,774,1891,177,3913,0.27370304114490163,0.19780219780219779,0.48326092512139024,0.045233835931510348,90,9
2020-09-28,8571.1900105476379,1148,776,1794,182,3900,0.29435897435897435,0.19897435897435897,0.46,0.046666666666666669,91,9
2020-10-05,7737.8900079727173,1178,730,1724,193,3825,0.30797385620915035,0.19084967320261437,0.450718954248366,0.050457516339869279,92,10
2020-10-12,8129.040002822876,1143,796,1697,203,3839,0.297733784839802,0.20734566293305548,0.44204219848918991,0.052878353737952591,93,10
2020-10-19,8644.4900035858154,1155,884,1904,213,4156,0.27791145332050049,0.21270452358036573,0.45813282001924927,0.051251203079884504,94,10
2020-10-26,10746.789997816086,1249,753,1923,183,4108,0.30404089581304772,0.18330087633885103,0.4681110029211295,0.04454722492697176,95,10
2020-11-02,9107.55997800827,1169,847,1808,209,4033,0.289858666005455,0.21001735680634764,0.44830151252169603,0.051822464666501367,96,11
2020-11-09,8860.5200109481812,1203,973,1867,260,4303,0.27957239135486872,0.22612131071345573,0.43388333720660005,0.060422960725075532,97,11
2020-11-16,10571.9300096035,1319,894,1920,208,4341,0.30384703985256856,0.20594333102971665,0.44229440221147204,0.0479152269062428,98,11
2020-11-23,9685.5699961185455,1313,903,1999,177,4392,0.29895264116575593,0.20560109289617487,0.45514571948998178,0.040300546448087435,99,11
2020-11-30,8055.4800281524658,1052,899,1763,215,3929,0.267752608806312,0.22881140239246628,0.44871468567065409,0.054721303130567577,100,11
2020-12-07,6890.5900230407715,1167,758,1729,142,3796,0.30742887249736567,0.19968387776606955,0.45547945205479451,0.037407797681770286,101,12
2020-12-14,7865.3400044441223,1124,958,1885,194,4161,0.27012737322758951,0.23023311703917326,0.45301610189858205,0.046623407834655128,102,12
2020-12-21,9187.1099963188171,1208,1001,1972,231,4412,0.27379873073436084,0.22688123300090662,0.44696282864913872,0.052357207615593836,103,12
2020-12-28,8541.9300124645233,1238,772,1707,232,3949,0.31349708787034691,0.19549252975436821,0.43226133198278044,0.058749050392504429,104,12
2021-01-04,10579.809971809387,1214,854,1749,211,4028,0.301390268123138,0.21201588877855015,0.43421052631578949,0.052383316782522345,105,1
2021-01-11,10972.550007104874,1444,933,1884,247,4508,0.32031943212067437,0.20696539485359361,0.41792369121561668,0.054791481810115353,106,1
2021-01-18,10756.929968118668,1258,802,2041,183,4284,0.29365079365079366,0.18720821661998133,0.4764239028944911,0.042717086834733894,107,1
2021-01-25,10798.150004148483,1244,844,1953,242,4283,0.29045061872519262,0.197058136819986,0.45598879290217137,0.056502451552650011,108,1
2021-02-01,10021.02000617981,1204,884,1937,216,4241,0.28389530771044563,0.20844140532893185,0.45673190285310067,0.050931384107521814,109,2
2021-02-08,11101.909991502762,1257,862,1914,179,4212,0.29843304843304841,0.204653371320038,0.45441595441595439,0.042497625830959167,110,2
2021-02-15,8948.459997177124,1207,807,1892,189,4095,0.29474969474969476,0.19706959706959706,0.46202686202686205,0.046153846153846156,111,2
2021-02-22,11820.090030670166,1374,854,1841,236,4305,0.31916376306620209,0.19837398373983739,0.4276422764227642,0.054819976771196287,112,2
2021-03-01,12198.420005083084,1356,860,1928,210,4354,0.311437758383096,0.19751952227836472,0.44281120808451996,0.048231511254019289,113,3
2021-03-08,11207.280038833618,1178,793,2101,260,4332,0.27192982456140352,0.18305632502308403,0.48499538319482915,0.06001846722068329,114,3
2021-03-15,10890.839997291565,1247,811,2083,215,4356,0.28627180899908172,0.18617998163452709,0.47819100091827366,0.049357208448117536,115,3
2021-03-22,11382.149988651276,1275,873,1917,223,4288,0.29734141791044777,0.20359141791044777,0.44706156716417911,0.052005597014925374,116,3
2021-03-29,8083.5000112056732,1169,802,1752,172,3895,0.30012836970474965,0.20590500641848525,0.44980744544287549,0.044159178433889605,117,3
2021-04-05,10581.249978542328,1379,970,1889,220,4458,0.30933153880663977,0.21758636159712877,0.4237326155226559,0.049349484073575596,118,4
2021-04-12,9968.1099894046783,1294,743,1871,206,4114,0.31453573164803111,0.18060281964025279,0.45478852698104033,0.050072921730675742,119,4
2021-04-19,10477.490025520325,1353,809,2025,225,4412,0.306663644605621,0.18336355394378967,0.45897552130553038,0.050997280145058929,120,4
2021-04-26,11435.639983654022,1241,869,2126,244,4480,0.27700892857142856,0.19397321428571429,0.47455357142857141,0.054464285714285715,121,4
2021-05-03,12117.469995737076,1473,960,1942,247,4622,0.31869320640415405,0.20770229337948939,0.42016443098225875,0.053440069234097796,122,5
2021-05-10,10561.920020341873,1318,959,1960,287,4524,0.29133510167992926,0.21198054818744475,0.43324491600353671,0.0634394341290893,123,5
2021-05-17,10212.169988393784,1426,903,1860,206,4395,0.32445961319681454,0.20546075085324231,0.42320819112627989,0.046871444823663254,124,5
2021-05-24,12436.320028305054,1477,916,2036,203,4632,0.31886873920552677,0.19775474956822106,0.43955094991364424,0.043825561312607945,125,5
2021-05-31,13422.630004644394,1297,846,1890,206,4239,0.30596838877093652,0.19957537154989385,0.445859872611465,0.048596367067704649,126,5
2021-06-07,10882.100025177002,1464,874,2046,237,4621,0.31681454230686,0.18913655053018827,0.44276130707639039,0.051287600086561351,127,6
2021-06-14,10076.450011014938,1166,825,2064,203,4258,0.27383748238609679,0.19375293565054016,0.48473461719116956,0.047674964772193518,128,6
2021-06-21,12705.750007629395,1336,883,2025,205,4449,0.30029220049449312,0.19847156664418972,0.45515846257585973,0.046077770285457405,129,6
2021-06-28,10721.910014152527,1258,819,1886,156,4119,0.30541393542121875,0.19883466860888566,0.45787812575867931,0.037873270211216316,130,6
2021-07-05,10986.010021686554,1381,969,2034,298,4682,0.29495941905168732,0.20696283639470311,0.43442973088423753,0.063648013669372061,131,7
2021-07-12,13095.850032329559,1473,910,2127,224,4734,0.31115335868187577,0.19222644697929869,0.44930291508238274,0.047317279256442753,132,7
2021-07-19,11080.98001241684,1282,852,1938,213,4285,0.29918319719953324,0.19883313885647608,0.45227537922987165,0.049708284714119019,133,7
2021-07-26,14303.399997472763,1517,927,2242,192,4878,0.31098810988109882,0.1900369003690037,0.45961459614596145,0.039360393603936041,134,7
2021-08-02,13340.529993534088,1449,937,2001,283,4670,0.31027837259100643,0.20064239828693789,0.42847965738758031,0.060599571734475374,135,8
2021-08-09,12954.800055027008,1524,956,2033,205,4718,0.32301822806273844,0.20262823230182281,0.43090292496820687,0.043450614667231879,136,8
2021-08-16,12418.360046386719,1340,952,2013,206,4511,0.29705165151851032,0.21103968078031479,0.44624251828862782,0.045666149412547104,137,8
2021-08-23,11300.620011091232,1349,901,2096,290,4636,0.29098360655737704,0.1943485763589301,0.45211389128559104,0.062553925798101817,138,8
2021-08-30,15978.760056257248,1600,907,2176,286,4969,0.32199637754075267,0.18253169651841417,0.43791507345542363,0.057556852485409538,139,8
2021-09-06,11397.790038585663,1357,954,2084,236,4631,0.29302526452170158,0.20600302310516086,0.45001079680414596,0.050960915568991579,140,9
2021-09-13,12818.860006093979,1378,881,1874,252,4385,0.31425313568985175,0.2009122006841505,0.42736602052451539,0.057468643101482329,141,9
2021-09-20,13284.980045795441,1330,943,1960,207,4440,0.29954954954954954,0.21238738738738738,0.44144144144144143,0.046621621621621624,142,9
2021-09-27,12651.500000476837,1355,1072,2106,265,4798,0.28240933722384326,0.22342642767819926,0.43893288870362651,0.055231346394330971,143,9
2021-10-04,15029.100040197372,1369,1013,2093,282,4757,0.287786420012613,0.2129493378179525,0.4399831826781585,0.059281059491276017,144,10
2021-10-11,15790.900022029877,1456,1037,2263,203,4959,0.29360758217382538,0.20911474087517645,0.45634200443637829,0.040935672514619881,145,10
2021-10-18,13004.830027103424,1385,967,2025,246,4623,0.299589011464417,0.209171533636167,0.43802725502920181,0.053212199870214145,146,10
2021-10-25,13699.400006771088,1427,1076,2021,188,4712,0.30284380305602715,0.22835314091680814,0.42890492359932086,0.039898132427843805,147,10
2021-11-01,13153.650020122528,1387,944,2028,196,4555,0.30450054884742039,0.20724478594950604,0.445225027442371,0.043029637760702524,148,11
2021-11-08,12938.860006809235,1547,937,2014,307,4805,0.32195629552549426,0.19500520291363163,0.41914672216441207,0.063891779396462026,149,11
2021-11-15,14917.530027627945,1364,881,1914,242,4401,0.3099295614633038,0.20018177686889344,0.43490115882753921,0.054987502840263575,150,11
2021-11-22,14380.790022850037,1480,944,2236,323,4983,0.29700983343367449,0.18944410997391131,0.4487256672687136,0.064820389323700586,151,11
2021-11-29,12301.229984283447,1428,1040,1997,223,4688,0.30460750853242319,0.22184300341296928,0.425981228668942,0.047568259385665529,152,11
2021-12-06,17296.940011501312,1312,919,2408,206,4845,0.27079463364293088,0.18968008255933952,0.49700722394220848,0.042518059855521158,153,12
2021-12-13,16388.280039548874,1602,1132,2211,283,5228,0.30642693190512627,0.21652639632746748,0.42291507268553941,0.05413159908186687,154,12
2021-12-20,17145.979977607727,1607,910,2319,252,5088,0.31584119496855345,0.17885220125786164,0.45577830188679247,0.049528301886792456,155,12
2021-12-27,16125.170022964478,1640,994,2154,261,5049,0.32481679540503072,0.19687066745890275,0.42661913250148542,0.051693404634581108,156,12
2022-01-03,14534.810005664825,1447,954,2350,230,4981,0.29050391487653082,0.19152780566151376,0.47179281268821521,0.046175466773740216,157,1
2022-01-10,18199.450055122375,1577,924,2249,182,4932,0.3197485806974858,0.18734793187347931,0.45600162206001621,0.036901865369018655,158,1
2022-01-17,17509.130033254623,1566,1079,2230,237,5112,0.30633802816901406,0.21107198748043818,0.43622848200312991,0.046361502347417843,159,1
2022-01-24,17281.740035533905,1427,932,2364,270,4993,0.28580012016823553,0.18666132585619868,0.47346284798718208,0.054075705988383738,160,1
2022-01-31,17904.849997997284,1458,887,2126,244,4715,0.30922587486744435,0.18812301166489925,0.4509013785790032,0.051749734888653233,161,1
2022-02-07,15781.3200340271,1617,947,2098,269,4931,0.32792537010748329,0.19205029405800039,0.42547150679375378,0.054552829040762522,162,2
2022-02-14,16490.310014247894,1650,914,2262,194,5020,0.32868525896414341,0.18207171314741036,0.450597609561753,0.038645418326693229,163,2
2022-02-21,16805.849994182587,1378,908,2057,276,4619,0.29833297250487117,0.19657934617882658,0.44533448798441222,0.059753193331890019,164,2
2022-02-28,16536.480031490326,1568,939,2318,296,5121,0.30619019722710406,0.18336262448740481,0.45264596758445619,0.057801210701034951,165,2
2022-03-07,19751.920003890991,1461,1094,2413,249,5217,0.28004600345025876,0.20969906076289055,0.46252635614337739,0.047728579643473261,166,3
2022-03-14,19403.500001907349,1598,1013,2441,274,5326,0.30003755163349605,0.19019902365752911,0.45831768681937662,0.0514457378895982,167,3
2022-03-21,15904.730033874512,1780,979,2188,251,5198,0.34243939976914195,0.18834166987302808,0.42093112735667565,0.048287803001154289,168,3
2022-03-28,18178.440011501312,1469,979,2191,234,4873,0.3014570080032834,0.20090293453724606,0.449620357069567,0.048019700389903552,169,3
2022-04-04,18129.360026378185,1578,1117,2282,293,5270,0.29943074003795067,0.21195445920303604,0.4330170777988615,0.0555977229601518,170,4
2022-04-11,14755.89004945755,1518,1041,2361,278,5198,0.29203539823008851,0.200269334359369,0.45421315890727204,0.053482108503270488,171,4
2022-04-18,17454.670021533966,1683,1028,2536,195,5442,0.30926130099228227,0.18890113928702681,0.46600514516721792,0.03583241455347299,172,4
2022-04-25,19694.670038223267,1434,1023,2408,236,5101,0.28112134875514605,0.20054891197804353,0.472064301117428,0.046265438149382471,173,4
2022-05-02,15690.980027914047,1588,1048,2228,235,5099,0.31143361443420281,0.20553049617572072,0.43694842125907041,0.04608746813100608,174,5
2022-05-09,15320.950018167496,1548,1047,2280,260,5135,0.301460564751704,0.2038948393378773,0.44401168451801365,0.050632911392405063,175,5
2022-05-16,19433.060032844543,1434,1102,2447,310,5293,0.27092386170413751,0.20819950878518798,0.46230870961647458,0.058567919894199884,176,5
2022-05-23,17043.580007791519,1546,923,2327,273,5069,0.30499112250937066,0.18208719668573684,0.45906490432037877,0.053856776484513709,177,5
2022-05-30,14687.730008602142,1504,1002,2177,274,4957,0.30340932015331856,0.20213839015533588,0.439176921525116,0.055275368166229577,178,5
2022-06-06,17715.770048141479,1523,963,2373,285,5144,0.29607309486780714,0.18720839813374807,0.46131415241057544,0.05540435458786936,179,6
2022-06-13,17924.000014066696,1609,1140,2431,269,5449,0.29528353826390163,0.2092126995779042,0.44613690585428517,0.049366856303908975,180,6
2022-06-20,20088.050085544586,1525,1216,2528,263,5532,0.27566883586406365,0.21981200289226319,0.45697758496023139,0.047541576283441793,181,6
2022-06-27,17633.360019445419,1685,1104,2356,260,5405,0.31174838112858466,0.20425531914893616,0.43589269195189639,0.048103607770582792,182,6
2022-07-04,19533.800040483475,1663,1123,2267,257,5310,0.31318267419962337,0.21148775894538607,0.42693032015065913,0.048399246704331447,183,7
2022-07-11,18609.460040450096,1541,1094,2387,277,5299,0.29080958671447443,0.20645404793357236,0.45046235138705415,0.052274013964899037,184,7
2022-07-18,17425.660000324249,1581,1133,2405,206,5325,0.29690140845070423,0.2127699530516432,0.4516431924882629,0.038685446009389668,185,7
2022-07-25,22136.409989356995,1711,1018,2398,269,5396,0.31708673091178652,0.18865826538176428,0.44440326167531508,0.049851742031134176,186,7
2022-08-01,17745.909990310669,1527,1093,2215,272,5107,0.299001370667711,0.21401997258664579,0.43371842569022911,0.053260231055414137,187,8
2022-08-08,19353.200008153915,1480,1052,2344,244,5120,0.2890625,0.20546875,0.4578125,0.04765625,188,8
2022-08-15,25727.10999584198,1716,1079,2592,344,5731,0.29942418426103645,0.18827429767928808,0.45227708951317397,0.060024428546501481,189,8
2022-08-22,21164.280017137527,1678,1063,2470,270,5481,0.3061485130450648,0.19394271118409048,0.45064769202700239,0.049261083743842367,190,8
2022-08-29,17333.809989452362,1510,998,2287,246,5041,0.29954374132116646,0.19797659194604245,0.453679825431462,0.048799841301329104,191,8
2022-09-05,18406.230028629303,1641,1205,2630,316,5792,0.2833218232044199,0.20804558011049723,0.45407458563535913,0.054558011049723756,192,9
2022-09-12,20050.350008964539,1719,933,2418,238,5308,0.32385079125847777,0.17577241899020346,0.45553880934438584,0.044837980406932931,193,9
2022-09-19,21491.750034809113,1676,1119,2681,260,5736,0.29218967921896793,0.1950836820083682,0.4673988842398884,0.045327754532775454,194,9
2022-09-26,21058.440016269684,1641,1199,2403,291,5534,0.29653053848933864,0.21666064329598844,0.43422479219371163,0.052584026020961329,195,9
2022-10-03,21634.040026426315,1691,1094,2460,289,5534,0.30556559450668597,0.19768702565955909,0.44452475605348751,0.052222623780267437,196,10
2022-10-10,20390.850019693375,1584,1077,2211,327,5199,0.30467397576457012,0.20715522215810733,0.4252740911713791,0.062896710905943454,197,10
2022-10-17,20421.660064220428,1589,1051,2307,287,5234,0.30359189912113105,0.20080244554833779,0.4407718761941154,0.054833779136415746,198,10
2022-10-24,19634.779976606369,1614,1067,2427,282,5390,0.299443413729128,0.19795918367346937,0.450278293135436,0.052319109461966606,199,10
2022-10-31,23991.969977855682,1799,1164,2690,311,5964,0.30164319248826293,0.19517102615694165,0.45103957075788059,0.052146210596914822,200,10
2022-11-07,23404.329997062683,1665,1070,2723,291,5749,0.28961558531918596,0.18611932510001739,0.47364759088537139,0.050617498695425291,201,11
2022-11-14,25466.350009202957,1772,1204,2658,244,5878,0.3014630826811841,0.20483157536577068,0.45219462402177613,0.041510717931269141,202,11
2022-11-21,23003.410017967224,1723,1127,2457,234,5541,0.31095470131745173,0.20339288937014979,0.44342176502436381,0.042230644288034649,203,11
2022-11-28,25975.140050888062,1814,1129,2957,310,6210,0.29210950080515297,0.18180354267310789,0.47616747181964575,0.0499194847020934,204,11
2022-12-05,23582.360034942627,1755,1204,2697,299,5955,0.29471032745591941,0.20218303946263644,0.45289672544080606,0.050209907640638117,205,12
2022-12-12,19953.090044260025,1708,1119,2762,314,5903,0.28934440115195664,0.18956462815517533,0.46789767914619684,0.053193291546671184,206,12
2022-12-19,23356.730007648468,1871,1160,2703,295,6029,0.310333388621662,0.19240338364571238,0.44833305689169017,0.048930170840935476,207,12
2022-12-26,24839.440013170242,1771,1166,2668,280,5885,0.30093457943925234,0.19813084112149532,0.45335598980458791,0.0475785896346644,208,12
2023-01-02,24473.599981546402,1766,1234,2739,352,6091,0.28993597110490887,0.20259399113446067,0.44967985552454443,0.057790182236086028,209,1
2023-01-09,21443.360023975372,1605,1159,2363,236,5363,0.29927279507738208,0.21611038597799739,0.44061159798620175,0.044005220958418793,210,1
2023-01-16,27023.810020208359,1796,1398,2765,339,6298,0.28516989520482694,0.22197523023181961,0.43902826294061609,0.053826611622737379,211,1
2023-01-23,27101.510029554367,1904,1128,2738,380,6150,0.30959349593495933,0.18341463414634146,0.44520325203252031,0.061788617886178863,212,1
2023-01-30,24174.560039043427,1762,1263,2678,299,6002,0.29356881039653449,0.21042985671442851,0.44618460513162278,0.049816727757414192,213,1
2023-02-06,23288.550018787384,1687,1107,2676,355,5825,0.28961373390557937,0.19004291845493562,0.45939914163090129,0.06094420600858369,214,2
2023-02-13,24411.760048389435,1797,1131,2744,264,5936,0.30272911051212936,0.1905323450134771,0.46226415094339623,0.0444743935309973,215,2
2023-02-20,19990.170052289963,1677,1009,2477,309,5472,0.30646929824561403,0.18439327485380116,0.45266812865497075,0.056469298245614037,216,2
2023-02-27,25841.680058956146,2021,1277,2777,325,6400,0.31578125,0.19953125,0.43390625,0.05078125,217,2
2023-03-06,25729.040014743805,1867,1318,2930,285,6400,0.29171875,0.2059375,0.4578125,0.04453125,218,3
2023-03-13,25679.340047836304,1874,1091,2674,326,5965,0.31416596814752723,0.18290025146689018,0.44828164291701594,0.05465213746856664,219,3
2023-03-20,25929.960021972656,1915,1208,2816,277,6216,0.30807593307593306,0.19433719433719435,0.45302445302445304,0.044562419562419561,220,3
2023-03-27,27008.580014705658,1584,1275,2764,339,5962,0.26568265682656828,0.21385441127138544,0.46360281784636026,0.056860114055686015,221,3
2023-04-03,24908.720002889633,1743,1210,2584,282,5819,0.29953600274961334,0.20793950850661624,0.44406255370338549,0.048461935040384943,222,4
2023-04-10,25459.120041847229,1974,1275,2860,293,6402,0.30834114339268981,0.19915651358950329,0.44673539518900346,0.0457669478288035,223,4
2023-04-17,26373.25001335144,1887,1200,2927,282,6296,0.29971410419313849,0.19059720457433291,0.46489834815756037,0.044790343074968236,224,4
2023-04-24,26590.430023908615,1844,1287,2539,294,5964,0.30918846411804157,0.21579476861167002,0.4257209926224011,0.049295774647887321,225,4
2023-05-01,29392.290025949478,2038,1228,2731,347,6344,0.32124842370744011,0.19356872635561159,0.43048549810844894,0.054697351828499371,226,5
2023-05-08,27495.41006231308,2103,1286,2721,334,6444,0.32635009310986962,0.19956548727498449,0.42225325884543763,0.051831160769708257,227,5
2023-05-15,30363.300045967102,2241,1219,2806,292,6558,0.34172003659652334,0.18587984141506556,0.42787435193656603,0.044525770051845076,228,5
2023-05-22,27605.169939994812,1850,1259,2752,366,6227,0.29709330335635137,0.20218403725710615,0.44194636261442105,0.058776296772121407,229,5
2023-05-29,28515.90004324913,2035,1315,3028,321,6699,0.30377668308702793,0.19629795491864457,0.45200776235258994,0.047917599641737571,230,5
2023-06-05,27762.3700671196,1896,1108,3005,297,6306,0.30066603235014272,0.17570567713288932,0.47653028861401842,0.04709800190294957,231,6
2023-06-12,28222.170074224472,1882,1273,2755,344,6254,0.30092740645986571,0.20354972817396866,0.44051806843620084,0.055004796929964822,232,6
2023-06-19,28303.180046081543,1880,1214,2644,389,6127,0.30683858331973235,0.1981393830585931,0.43153256079647462,0.063489472825199941,233,6
2023-06-26,27539.870031833649,1919,1366,2659,395,6339,0.30272913708786875,0.21549140242940526,0.41946679286953781,0.0623126676131882,234,6
2023-07-03,30051.690005302429,2082,1284,2941,320,6627,0.31416930737890447,0.19375282933454052,0.44379055379508076,0.048287309491474271,235,7
2023-07-10,29058.360056638718,1960,1381,2914,346,6601,0.29692470837751855,0.20921072564762916,0.44144826541433119,0.052416300560521135,236,7
2023-07-17,29778.24002289772,1796,1261,2894,299,6250,0.28736,0.20176,0.46304,0.04784,237,7
2023-07-24,29228.240085840225,1863,1363,3005,291,6522,0.2856485740570377,0.20898497393437596,0.46074823673719717,0.044618215271389143,238,7
2023-07-31,29217.450012683868,1951,1397,2938,332,6618,0.294802055001511,0.21109096403747354,0.44394076760350559,0.050166213357509822,239,7
2023-08-07,29907.350054740906,2004,1304,2950,350,6608,0.30326876513317191,0.19733656174334141,0.44642857142857145,0.052966101694915252,240,8
2023-08-14,30692.15004491806,2026,1270,3050,275,6621,0.30599607310074006,0.19181392538891406,0.46065549010723456,0.041534511403111311,241,8
2023-08-21,27751.570090770721,1948,1210,2692,352,6202,0.3140922283134473,0.19509835536923573,0.43405353111899386,0.056755885198323121,242,8
2023-08-28,31150.019984960556,2178,1526,3022,405,7131,0.30542700883466556,0.21399523208526153,0.42378348057775905,0.05679427850231384,243,8
2023-09-04,29389.300044775009,1847,1260,3190,346,6643,0.278037031461689,0.18967334035827185,0.48020472678006926,0.052084901399969893,244,9
2023-09-11,30256.89998292923,2006,1250,3079,398,6733,0.29793554136343381,0.1856527550868855,0.45729986633001635,0.059111837219664343,245,9
2023-09-18,36725.650028944016,2046,1524,3400,372,7342,0.27867066194497414,0.2075728684282212,0.46308907654590031,0.050667393080904385,246,9
2023-09-25,34434.100037813187,1864,1203,2976,323,6366,0.29280552937480364,0.18897266729500473,0.46748350612629597,0.050738297203895694,247,9
2023-10-02,34272.919998168945,2170,1473,3145,411,7199,0.30143075427142657,0.20461175163217113,0.4368662314210307,0.057091262675371582,248,10
2023-10-09,32958.650032043457,2122,1426,3169,359,7076,0.29988694177501413,0.20152628603730921,0.44785189372526851,0.050734878462408144,249,10
2023-10-16,30973.270037651062,2003,1510,3302,335,7150,0.28013986013986014,0.21118881118881119,0.46181818181818179,0.04685314685314685,250,10
2023-10-23,37004.549956798553,2305,1447,3351,408,7511,0.30688323791772065,0.1926507788576754,0.44614565304220477,0.054320330182399151,251,10
2023-10-30,35545.789989471436,2145,1415,3245,301,7106,0.30185758513931887,0.1991274978891078,0.456656346749226,0.042358570222347312,252,10
2023-11-06,33250.100013256073,2144,1306,2830,304,6584,0.32563791008505466,0.19835965978128797,0.42982989064398541,0.046172539489671933,253,11
2023-11-13,30364.699991226196,2078,1355,3042,356,6831,0.30420143463621724,0.19836041575172009,0.44532279314888013,0.052115356463182549,254,11
2023-11-20,33288.930054664612,2043,1430,3070,327,6870,0.29737991266375546,0.20815138282387191,0.44687045123726349,0.047598253275109172,255,11
2023-11-27,33447.399972677231,2035,1523,3044,351,6953,0.29267941895584637,0.21904214008341724,0.437796634546239,0.050481806414497336,256,11
2023-12-04,32287.320061445236,2147,1284,3173,432,7036,0.30514496873223423,0.1824900511654349,0.45096645821489484,0.061398521887436046,257,12
2023-12-11,30198.360026359558,2079,1491,3017,314,6901,0.30126068685697727,0.21605564410954933,0.43718301695406464,0.045500652079408781,258,12
2023-12-18,31919.530043859035,2280,1349,3129,429,7187,0.31723946013635729,0.18770001391401142,0.43536941700292192,0.059691108946709336,259,12
2023-12-25,35319.840046644211,2255,1472,3339,423,7489,0.30110829216183738,0.19655494725597544,0.44585391908131927,0.056482841500867936,260,12
2024-01-01,31599.650065422058,2204,1282,3181,358,7025,0.31373665480427049,0.18249110320284698,0.45281138790035586,0.050960854092526688,261,1
2024-01-08,35479.500013828278,2035,1439,3325,438,7237,0.28119386486113029,0.19883929805167888,0.45944452121044632,0.06052231587674451,262,1
2024-01-15,36997.0800447464,2055,1327,3210,341,6933,0.29640848117697965,0.1914034328573489,0.46300302899177848,0.049185056973892978,263,1
2024-01-22,33454.900072813034,2004,1353,3229,320,6906,0.29018245004344051,0.19591659426585578,0.46756443672169129,0.046336518969012454,264,1
2024-01-29,31272.520001191646,2294,1454,2997,378,7123,0.32205531377228697,0.204127474378773,0.42074968412185876,0.053067527727081287,265,1
2024-02-05,35988.530083417892,2184,1443,3081,389,7097,0.30773566295617866,0.20332534873890376,0.43412709595603777,0.054811892348879808,266,2
2024-02-12,31802.310055732727,2114,1280,3132,397,6923,0.30535894843276035,0.18489094323270258,0.45240502672251914,0.057345081612017915,267,2
2024-02-19,38932.650086164474,2429,1507,3522,407,7865,0.30883661792752704,0.1916083916083916,0.4478067387158296,0.051748251748251747,268,2
2024-02-26,37602.1400103569,2035,1459,3301,400,7195,0.28283530229325921,0.20277970813064627,0.45879082696316886,0.055594162612925643,269,2
2024-03-04,37278.830048561096,2152,1419,3319,367,7257,0.29654127049745072,0.19553534518396032,0.45735152266776907,0.0505718616508199,270,3
2024-03-11,37197.369971036911,2075,1433,3648,339,7495,0.27685123415610408,0.19119412941961308,0.48672448298865911,0.045230153435623748,271,3
2024-03-18,33454.550038576126,2070,1484,3171,340,7065,0.2929936305732484,0.21004953998584572,0.44883227176220808,0.048124557678697805,272,3
2024-03-25,38455.58997631073,2213,1427,3416,391,7447,0.2971666442862898,0.19162078689405129,0.45870820464616624,0.052504364173492683,273,3
2024-04-01,35101.240097522736,2153,1325,3190,403,7071,0.30448309998585771,0.18738509404610382,0.45113845283552539,0.05699335313251308,274,4
2024-04-08,35285.650047779083,2282,1580,3341,422,7625,0.29927868852459016,0.20721311475409837,0.43816393442622953,0.055344262295081964,275,4
2024-04-15,40366.500065565109,2470,1468,3383,367,7688,0.32127991675338191,0.19094693028095733,0.44003642039542146,0.047736732570239332,276,4
2024-04-22,37319.599987745285,2396,1830,3384,437,8047,0.29775071455200697,0.22741394308437926,0.420529389834721,0.054305952528892754,277,4
2024-04-29,37264.470039606094,2087,1432,3324,388,7231,0.28861844834739314,0.19803623288618449,0.45968745678329415,0.0536578619831282,278,4
2024-05-06,37060.53004348278,2211,1498,3422,289,7420,0.29797843665768192,0.2018867924528302,0.46118598382749326,0.038948787061994609,279,5
2024-05-13,35034.9400138855,2190,1559,3079,342,7170,0.30543933054393307,0.21743375174337518,0.42942817294281732,0.047698744769874478,280,5
2024-05-20,38380.140013694763,2321,1609,3620,450,8000,0.290125,0.201125,0.4525,0.05625,281,5
2024-05-27,45862.020006436855,2359,1592,3798,429,8178,0.28845683541208117,0.19466862313524089,0.4644167278063096,0.052457813646368305,282,5
2024-06-03,38970.3001036644,2311,1579,3812,416,8118,0.28467602857846758,0.1945060359694506,0.46957378664695737,0.051244148805124415,283,6
2024-06-10,41323.320018053055,2385,1687,3767,400,8239,0.289476878261925,0.20475785896346643,0.45721568151474695,0.048549581259861634,284,6
2024-06-17,50477.319993257523,2442,1710,3960,405,8517,0.2867206762944699,0.2007749207467418,0.46495244804508629,0.04755195491370201,285,6
2024-06-24,43274.810015201569,2255,1612,3975,378,8220,0.27433090024330903,0.19610705596107056,0.48357664233576642,0.045985401459854011,286,6
2024-07-01,50385.729949474335,2490,1910,4008,432,8840,0.28167420814479638,0.2160633484162896,0.45339366515837104,0.048868778280542986,287,7
2024-07-08,48683.390003204346,2802,1832,4095,410,9139,0.30659809607178029,0.20045956888062152,0.44807965860597437,0.044862676441623811,288,7
2024-07-15,41812.539983272552,2518,1807,3454,415,8194,0.3072980229436173,0.22052721503539174,0.42152794727849646,0.050646814742494509,289,7
2024-07-22,46582.629983901978,2529,1620,3609,449,8207,0.30815157792128672,0.19739246984281711,0.43974655781649813,0.054709394419398073,290,7
2024-07-29,38777.480001926422,2339,1569,3448,418,7774,0.30087471057370724,0.20182660149215334,0.44352971443272449,0.05376897350141497,291,7
2024-08-05,47418.1300573349,2633,1709,3833,548,8723,0.30184569528831823,0.19591883526309756,0.439413045970423,0.06282242347816118,292,8
2024-08-12,40955.430086374283,2395,1599,3763,345,8102,0.29560602320414714,0.19735867686990866,0.46445322142680817,0.042582078499136013,293,8
2024-08-19,46713.760040998459,2391,1804,3976,355,8526,0.28043631245601691,0.21158808350926578,0.4663382594417077,0.04163734459300962,294,8
2024-08-26,41135.100081682205,2476,1736,3853,375,8440,0.29336492890995258,0.20568720379146918,0.45651658767772513,0.044431279620853081,295,8
2024-09-02,43857.68006612733,2341,1618,3651,511,8121,0.28826499199605959,0.19923654722324838,0.44957517547100112,0.062923285309690921,296,9
2024-09-09,44179.710013866425,2561,1705,3807,459,8532,0.30016408813877166,0.19983591186122832,0.44620253164556961,0.053797468354430382,297,9
2024-09-16,42735.119997620583,2413,1726,3663,440,8242,0.29276874545013348,0.20941519048774571,0.44443096335840815,0.05338510070371269,298,9
2024-09-23,44449.080089092255,2770,1771,3986,482,9009,0.30747030747030746,0.19658119658119658,0.44244644244644243,0.053502053502053504,299,9
2024-09-30,48997.800055742264,2530,1808,4212,443,8993,0.2813299232736573,0.20104525742243967,0.46836428333148006,0.049260535972423,300,9
2024-10-07,45582.52001285553,2545,1749,3608,482,8384,0.30355438931297712,0.20861164122137404,0.43034351145038169,0.057490458015267178,301,10
2024-10-14,49049.060044527054,3047,2021,4023,448,9539,0.31942551630149912,0.21186707202012789,0.42174232099800818,0.046965090680364821,302,10
2024-10-21,54188.36007630825,2613,1726,4100,555,8994,0.29052701801200803,0.19190571492105848,0.45585946186346454,0.061707805203468982,303,10
2024-10-28,51504.520083427429,2780,1727,4027,548,9082,0.30609997797841887,0.19015635322616165,0.44340453644571681,0.060339132349702708,304,10
2024-11-04,47159.779993057251,2694,1819,3974,407,8894,0.30290083202158757,0.2045199010568923,0.44681807960422759,0.045761187317292555,305,11
2024-11-11,48682.110101938248,2546,1769,3951,474,8740,0.29130434782608694,0.20240274599542335,0.45205949656750571,0.054233409610983982,306,11
2024-11-18,50597.490062475204,2598,1982,4038,431,9049,0.28710354735329868,0.21902972704166207,0.44623715327660513,0.047629572328434081,307,11
2024-11-25,46966.060035705566,2635,1671,3745,316,8367,0.31492769212381977,0.1997131588382933,0.44759172941317077,0.037767419624716143,308,11
2024-12-02,55338.190004348755,2621,1818,4625,506,9570,0.27387669801462905,0.18996865203761756,0.4832810867293626,0.052873563218390804,309,12
2024-12-09,53240.880084633827,2704,1989,4271,419,9383,0.28818075242459767,0.21197911115847809,0.45518490887775764,0.044655227539166578,310,12
2024-12-16,53667.660138607025,3069,1989,4410,440,9908,0.30974969721437223,0.20074687121517965,0.44509487283003635,0.044408558740411788,311,12
2024-12-23,52738.509987354279,2783,1676,4129,468,9056,0.30731007067137811,0.18507067137809188,0.45594081272084808,0.051678445229681978,312,12
2024-12-30,49242.710062026978,2746,1667,3854,481,8748,0.3139003200731596,0.1905578417924097,0.4405578417924097,0.054983996342021037,313,12
2025-01-06,54010.760025501251,2814,2036,4339,607,9796,0.28726010616578196,0.2078399346672111,0.44293589220089835,0.061964066966108615,314,1
2025-01-13,58008.330065011978,3143,1827,4544,488,10002,0.31423715256948609,0.18266346730653868,0.45430913817236551,0.048790241951609678,315,1
2025-01-20,53468.200040578842,2835,1793,4176,304,9108,0.31126482213438733,0.19685990338164253,0.45849802371541504,0.03337725076855512,316,1
2025-01-27,53021.500041007996,2717,1873,4184,448,9222,0.29462155714595534,0.20310127954890481,0.45369767946215572,0.048579483842984168,317,1
2025-02-03,52165.130098581314,2763,1914,4341,436,9454,0.29225724561032368,0.20245398773006135,0.45917072138777237,0.046118045271842607,318,2
2025-02-10,56609.940124392509,2991,2101,4709,424,10225,0.29251833740831296,0.20547677261613692,0.46053789731051342,0.041466992665036673,319,2
2025-02-17,61101.860013246536,3151,2021,4800,523,10495,0.30023820867079559,0.19256788947117676,0.45736064792758457,0.049833253930443071,320,2
2025-02-24,60958.260070085526,2799,2116,4448,521,9884,0.2831849453662485,0.21408336705787132,0.4500202347227843,0.052711452853095912,321,2
2025-03-03,62370.190099477768,2974,2164,4743,513,10394,0.28612661150663843,0.20819703675197229,0.45632095439676734,0.049355397344621896,322,3
2025-03-10,63580.750092029572,3308,1966,4778,523,10575,0.31281323877068556,0.18591016548463357,0.45182033096926716,0.049456264775413712,323,3
2025-03-17,55637.389986276627,2635,1917,4419,419,9390,0.28061767838125667,0.20415335463258785,0.47060702875399363,0.044621938232161873,324,3
2025-03-24,55616.310088157654,3226,1948,4420,446,10040,0.32131474103585655,0.19402390438247011,0.44023904382470119,0.04442231075697211,325,3
2025-03-31,66018.200110197067,3497,2274,5191,466,11428,0.306002800140007,0.19898494924746238,0.454235211760588,0.040777038851942594,326,3
2025-04-07,54684.620088338852,3078,1902,4364,530,9874,0.31172776990074946,0.19262710147863074,0.44196880696779423,0.053676321652825605,327,4
2025-04-14,61673.880111098289,3180,2074,4364,471,10089,0.31519476657746059,0.2055704232332243,0.43255030230944591,0.046684507879869164,328,4
2025-04-21,59549.120033025742,3032,2230,4725,559,10546,0.28750237056703964,0.21145457993552058,0.44803717049118147,0.0530058790062583,329,4
2025-04-28,61302.890027761459,2895,2033,4465,399,9792,0.29564950980392157,0.20761846405228759,0.455984477124183,0.040747549019607844,330,4
2025-05-05,61481.780069351196,3197,2246,4962,491,10896,0.29341042584434657,0.20613069016152716,0.45539647577092512,0.045062408223201178,331,5
2025-05-12,63818.5599732399,3156,2025,4610,455,10246,0.30802264298262738,0.19763810267421433,0.4499316806558657,0.044407573687292604,332,5
2025-05-19,64205.240069627762,3290,2299,5097,592,11278,0.29171838978542297,0.20384820003546728,0.45194183365845009,0.052491576520659694,333,5
2025-05-26,68681.860128879547,3449,2380,5050,681,11560,0.29835640138408304,0.20588235294117646,0.43685121107266434,0.058910034602076125,334,5
2025-06-02,69420.410046339035,3103,2391,5036,515,11045,0.28094160253508377,0.21647804436396559,0.45595291987324582,0.046627433227704844,335,6
2025-06-09,65630.870049953461,3126,2434,4932,581,11073,0.28230831752912489,0.21981396188928023,0.44540774857762122,0.052469972003973631,336,6
2025-06-16,65323.210100650787,3239,1984,4916,616,10755,0.301162250116225,0.18447233844723385,0.45708972570897255,0.057275685727568575,337,6
2025-06-23,69381.420140028,3537,2226,4910,591,11264,0.31400923295454547,0.19762073863636365,0.43590198863636365,0.052468039772727272,338,6
2025-06-30,68159.630036115646,3357,2208,5001,548,11114,0.30205146661867915,0.1986683462299802,0.44997300701817528,0.049307180133165374,339,6
2025-07-07,69920.710143566132,3287,2237,5298,463,11285,0.29127159946832076,0.19822773593265397,0.46947275143996453,0.0410279131590607,340,7
2025-07-14,74871.460067749023,3553,2194,4785,653,11185,0.31765757711220383,0.19615556548949487,0.42780509611086276,0.058381761287438536,341,7
2025-07-21,61649.360018968582,3367,1956,4874,542,10739,0.31353012384765805,0.18213986404693175,0.45385976347890866,0.050470248626501533,342,7
2025-07-28,75285.26996254921,3833,2589,5604,569,12595,0.30432711393410083,0.20555776101627629,0.44493846764589123,0.04517665740373164,343,7
2025-08-04,74089.000133275986,3554,2316,5205,559,11634,0.30548392642255456,0.19907168643630738,0.44739556472408459,0.048048822417053466,344,8
2025-08-11,81020.540012598038,3824,2364,5597,608,12393,0.30856128459614296,0.19075284434761558,0.45162591785685469,0.049059953199386754,345,8
2025-08-18,76547.090083599091,3811,2588,5859,696,12954,0.29419484329164736,0.19978385054809325,0.452292728114868,0.053728578045391384,346,8
2025-08-25,76931.370023727417,3686,2268,5641,611,12206,0.30198263149270849,0.18581025725053252,0.46214976241192857,0.050057348844830409,347,8
2025-09-01,80144.740028500557,3922,2554,5739,601,12816,0.30602372034956304,0.19928214731585517,0.44779962546816482,0.046894506866416975,348,9
2025-09-08,80163.720074176788,3761,2431,6067,739,12998,0.2893522080320049,0.18702877365748577,0.46676411755654718,0.05685490075396215,349,9
2025-09-15,81358.210078239441,4014,2386,5594,720,12714,0.31571495988673903,0.18766713858738399,0.43998741544753817,0.056630486078338836,350,9
2025-09-22,87005.990035057068,4004,2570,6049,799,13422,0.29831619728803455,0.19147668007748472,0.45067799135747283,0.059529131277007895,351,9
2025-09-29,90132.200148582458,4168,2792,6364,610,13934,0.29912444380651643,0.20037318788574709,0.45672455863355821,0.04377780967417827,352,9
2025-10-06,89121.850091218948,3799,2920,5684,656,13059,0.29091048319166857,0.22360058197411747,0.43525537943180947,0.05023355540240447,353,10
2025-10-13,88127.610064864159,4460,2609,6247,771,14087,0.3166039610988855,0.18520621849932561,0.44345850784411162,0.05473131255767729,354,10
2025-10-20,91078.500043869019,3912,2782,6231,617,13542,0.28887904297740363,0.20543494313986116,0.46012405848471422,0.045561955398020972,355,10
2025-10-27,86480.430128574371,4110,2805,6231,815,13961,0.29439151923214668,0.20091683976792493,0.446314733901583,0.058376907098345393,356,10
2025-11-03,94676.190111637115,4165,2764,6539,702,14170,0.29393083980239942,0.19505998588567397,0.46146788990825688,0.049541284403669728,357,11
2025-11-10,91529.720072288066,4614,2926,6438,737,14715,0.31355759429153923,0.19884471627590894,0.43751274209989804,0.050084947332653756,358,11
2025-11-17,102183.3601205349,4583,3315,6343,717,14958,0.30639122877390024,0.22162053750501404,0.42405401791683378,0.0479342158042519,359,11
2025-11-24,110701.34009456635,4623,2996,7065,766,15450,0.2992233009708738,0.193915857605178,0.45728155339805826,0.04957928802588997,360,11
2025-12-01,102251.61008882523,4297,2973,6798,924,14992,0.286619530416222,0.19830576307363929,0.45344183564567769,0.061632870864461044,361,12
2025-12-08,98955.580204248428,4579,2952,6685,850,15066,0.30392937740607989,0.1959378733572282,0.44371432364263907,0.056418425594052836,362,12
2025-12-15,107025.04005002975,4589,3032,7222,711,15554,0.295036646521795,0.19493377909219495,0.46431786035746431,0.045711714028545715,363,12
2025-12-22,109361.71019148827,5029,3178,7642,890,16739,0.30043610729434256,0.1898560248521417,0.45653862237887566,0.05316924547464006,364,12
2025-12-29,120338.25010156631,5414,3512,7821,993,17740,0.30518602029312286,0.19797068771138671,0.44086809470124011,0.055975197294250281,365,12
2026-01-05,116972.24012899399,5095,3546,7974,780,17395,0.29290025869502728,0.20385168151767749,0.45840758838746765,0.044840471399827539,366,1
2026-01-12,128875.92009806633,5259,3407,7987,813,17466,0.30109927859841978,0.19506469712584451,0.45728844612389785,0.046547578151837854,367,1
2026-01-19,138069.17020785809,5764,4124,8846,898,19632,0.29360228198859006,0.21006519967400164,0.45059087204563975,0.045741646291768544,368,1
2026-01-26,148687.41013014317,6296,4181,9627,945,21049,0.29911159675043947,0.19863176397928642,0.45736139484061,0.044895244429664118,369,1
2026-02-02,186355.88022828102,7913,5418,11747,1217,26295,0.30093173607149648,0.2060467769537935,0.44673892374976232,0.046282563224947712,370,2
2026-02-09,393063.38040161133,13693,9031,21082,2446,46252,0.29605206261350858,0.19525642134394189,0.45580731644037015,0.052884199602179369,371,2
2026-02-16,16319.3499917984,84,49,117,11,261,0.32183908045977011,0.18773946360153257,0.44827586206896552,0.0421455938697318,372,2